,collab_loss,collab_accuracy,agent0_loss,agen0_accuracy,agent1_loss,agen1_accuracy,agent2_loss,agen2_accuracy
0,2.154569387435913,0.2322,2.1970055103302,0.1888,2.200786828994751,0.273,2.181173324584961,0.2706
1,2.0157055854797363,0.378,2.0533993244171143,0.3857,2.0694048404693604,0.4102,2.049124240875244,0.4116
