,collab_loss,collab_accuracy,agent0_loss,agen0_accuracy,agent1_loss,agen1_accuracy,agent2_loss,agen2_accuracy
0,2.302584648132324,0.1,2.30257511138916,0.1,2.302581548690796,0.1,2.302560329437256,0.101
